出發時段,出發機場代號,抵達時段,航空聯盟,機型分類,假期,是否為平日,飛行時間_分鐘,經濟指標,機場指標,competing_flights,平均價格,預測_平均價格,抵達機場代號
上午班機,TSA,下午抵達,2,0,2,1,145,-0.059982,-2.39234,2,24546,35673.85888568775,GMP
上午班機,TSA,下午抵達,1,0,0,1,150,-0.059982,-2.39234,2,20217,25888.143642455874,GMP
下午班機,TSA,晚間抵達,1,0,0,1,150,-0.059982,-2.39234,3,21763,25841.02782806559,GMP
上午班機,TSA,下午抵達,1,0,0,0,150,-0.059982,-2.39234,2,20981,25224.70068274492,GMP
上午班機,TSA,下午抵達,2,0,2,0,145,-0.059982,-2.39234,2,22736,35213.57497431982,GMP
上午班機,TSA,下午抵達,1,0,2,0,150,-0.059982,-2.39234,2,21679,36613.47412413857,GMP
上午班機,TSA,下午抵達,2,0,0,0,145,-0.059982,-2.39234,2,19774,24749.143525322357,GMP
